{
  "reporttemplateUUID" : "1a376eb4-e787-457f-93b1-df921dc014a0",
  "name" : "Orthopedic Injury Trauma Assessment Form",
  "reportTemplateSegments" : [ {
    "segmentUUID" : "a64bd207-db54-460e-b1d5-195b03862858",
    "category" : "text",
    "title" : "UHID",
    "webContent" : null,
    "textContent" : null,
    "segmentOrder" : 1
  }, {
    "segmentUUID" : "f8975d20-9fb4-4c13-850c-e89b59348fcd",
    "category" : "date_of_injury",
    "title" : "Date Of Injury",
    "webContent" : null,
    "textContent" : null,
    "segmentOrder" : 2
  }, {
    "segmentUUID" : "ad16b99b-dad2-4612-a04a-25031b6b4b21",
    "category" : "dateTime",
    "title" : "Time Of Injury",
    "webContent" : null,
    "textContent" : null,
    "segmentOrder" : 3
  }, {
    "segmentUUID" : "b7b4acb7-f25d-40d4-9feb-57565c5ae851",
    "category" : "text",
    "title" : "Mode Of Injury",
    "webContent" : null,
    "textContent" : null,
    "segmentOrder" : 4
  }, {
    "segmentUUID" : "55c58ebf-f524-4858-918a-7dd158dd2ee2",
    "category" : "text",
    "title" : "Site Of Injury",
    "webContent" : null,
    "textContent" : null,
    "segmentOrder" : 5
  }, {
    "segmentUUID" : "e8ab38f0-f418-4dee-a42a-60d6ebae8b5c",
    "category" : "text",
    "title" : "Open Closed Injury",
    "webContent" : null,
    "textContent" : null,
    "segmentOrder" : 6
  }, {
    "segmentUUID" : "2975dd7c-f043-4516-8ee8-1449184c28e0",
    "category" : "text",
    "title" : "Deformity Details",
    "webContent" : null,
    "textContent" : null,
    "segmentOrder" : 7
  }, {
    "segmentUUID" : "7c71210e-1e5a-42db-930a-409e0a5bcab0",
    "category" : "text",
    "title" : "Swelling Details",
    "webContent" : null,
    "textContent" : null,
    "segmentOrder" : 8
  }, {
    "segmentUUID" : "67ae8e5a-187a-4647-b72d-1cc5f1e96678",
    "category" : "text",
    "title" : "Wound Details",
    "webContent" : null,
    "textContent" : null,
    "segmentOrder" : 9
  }, {
    "segmentUUID" : "a2b4e6d5-dfcb-48dd-b8d2-a18ebd46c0bb",
    "category" : "text",
    "title" : "Neurovascular Status",
    "webContent" : null,
    "textContent" : null,
    "segmentOrder" : 10
  }, {
    "segmentUUID" : "4ca12cff-4d15-4b17-b0d7-5296a4772e51",
    "category" : "text",
    "title" : "Associated Injuries",
    "webContent" : null,
    "textContent" : null,
    "segmentOrder" : 11
  }, {
    "segmentUUID" : "894dddd6-15d6-4021-be59-590202538995",
    "category" : "text",
    "title" : "Initial Management",
    "webContent" : null,
    "textContent" : null,
    "segmentOrder" : 12
  }, {
    "segmentUUID" : "73faab27-43b7-419e-9e1a-8e1c057dcc33",
    "category" : "text",
    "title" : "Immobilization Details",
    "webContent" : null,
    "textContent" : null,
    "segmentOrder" : 13
  }, {
    "segmentUUID" : "0079e99e-4110-4e3d-ab3a-d01f76754c89",
    "category" : "text",
    "title" : "Imaging Requested",
    "webContent" : null,
    "textContent" : null,
    "segmentOrder" : 14
  }, {
    "segmentUUID" : "b9d9735e-aa4d-4556-b3c3-d785388b008a",
    "category" : "text",
    "title" : "Provisional Injury Diagnosis",
    "webContent" : null,
    "textContent" : null,
    "segmentOrder" : 15
  }, {
    "segmentUUID" : "202b79af-3bbe-4ff4-b1f5-3ccb6e57def6",
    "category" : "text",
    "title" : "Management Plan",
    "webContent" : null,
    "textContent" : null,
    "segmentOrder" : 16
  }, {
    "segmentUUID" : "0068a75c-4e92-4639-88d0-133f25037c46",
    "category" : "text",
    "title" : "Consent Status",
    "webContent" : null,
    "textContent" : null,
    "segmentOrder" : 17
  } ],
  "createdOn" : "2025-12-23",
  "createdBy" : "Nischal",
  "department" : "Orthopedics",
  "version" : 0
}