{
  "reporttemplateUUID" : "0ef7d709-d4a1-483a-9ddc-433bccfd9fbb",
  "name" : "Antenatal Follow-Up Clinical Record Assessment",
  "reportTemplateSegments" : [ {
    "segmentUUID" : "9e570d2d-a7b1-40cf-982f-768bdf74d103",
    "category" : "text",
    "title" : "UHID",
    "mandatory" : null,
    "uiType" : null,
    "uiOptions" : null,
    "webContent" : "",
    "textContent" : "",
    "segmentOrder" : 1
  }, {
    "segmentUUID" : "1fe8c5d3-d5d4-425d-b018-7e4e87db8eef",
    "category" : "date",
    "title" : "Visit Date",
    "mandatory" : null,
    "uiType" : null,
    "uiOptions" : null,
    "webContent" : "",
    "textContent" : "",
    "segmentOrder" : 2
  }, {
    "segmentUUID" : "daecbf36-515a-4bdd-88a1-880cbf2abe30",
    "category" : "number+dropdown",
    "title" : "Gestational Age",
    "mandatory" : null,
    "uiType" : null,
    "uiOptions" : [ "Weeks" ],
    "webContent" : "",
    "textContent" : "",
    "segmentOrder" : 3
  }, {
    "segmentUUID" : "3047bd5c-7e16-4949-92a9-445835f9557b",
    "category" : "date",
    "title" : "Last Menstrual Period",
    "mandatory" : null,
    "uiType" : null,
    "uiOptions" : null,
    "webContent" : "",
    "textContent" : "",
    "segmentOrder" : 4
  }, {
    "segmentUUID" : "12616612-799d-49f6-9582-57f3c5dc9462",
    "category" : "date",
    "title" : "Expected Date Of Delivery",
    "mandatory" : null,
    "uiType" : null,
    "uiOptions" : null,
    "webContent" : "",
    "textContent" : "",
    "segmentOrder" : 5
  }, {
    "segmentUUID" : "c16b62fe-f5c2-45a1-ab87-0f3d62952ef9",
    "category" : "number",
    "title" : "Weight",
    "mandatory" : null,
    "uiType" : null,
    "uiOptions" : null,
    "webContent" : "",
    "textContent" : "",
    "segmentOrder" : 6
  }, {
    "segmentUUID" : "1655e6e4-48d7-41fd-b1e6-0bea2d76de50",
    "category" : "text",
    "title" : "Blood Pressure",
    "mandatory" : null,
    "uiType" : null,
    "uiOptions" : null,
    "webContent" : "",
    "textContent" : "",
    "segmentOrder" : 7
  }, {
    "segmentUUID" : "0dbaefb3-5b02-48ef-8963-71fe00a96050",
    "category" : "number",
    "title" : "Fundal Height",
    "mandatory" : null,
    "uiType" : null,
    "uiOptions" : [ "cm" ],
    "webContent" : "",
    "textContent" : "",
    "segmentOrder" : 8
  }, {
    "segmentUUID" : "1467ef0c-b44c-4d5f-9914-de49ee42cf85",
    "category" : "number",
    "title" : "Fetal Heart Rate",
    "mandatory" : null,
    "uiType" : null,
    "uiOptions" : [ "bpm" ],
    "webContent" : "",
    "textContent" : "",
    "segmentOrder" : 9
  }, {
    "segmentUUID" : "afbb8d8c-4ec4-4297-8eea-7c053b2ed568",
    "category" : "radio",
    "title" : "Fetal Movements Perception",
    "mandatory" : null,
    "uiType" : null,
    "uiOptions" : [ "Normal", "Reduced", "Absent" ],
    "webContent" : "",
    "textContent" : "",
    "segmentOrder" : 10
  }, {
    "segmentUUID" : "7c5e5955-5347-4907-b583-6832d05b91b5",
    "category" : "radio",
    "title" : "Edema Assessment",
    "mandatory" : null,
    "uiType" : null,
    "uiOptions" : [ "None", "Mild", "Moderate", "Severe" ],
    "webContent" : "",
    "textContent" : "",
    "segmentOrder" : 11
  }, {
    "segmentUUID" : "dfed09d4-1b44-4414-a80d-69fd8191e7e1",
    "category" : "checkbox+text",
    "title" : "Urine Examination Findings",
    "mandatory" : null,
    "uiType" : null,
    "uiOptions" : [ "Albumin", "Sugar", "Ketones", "Normal", "Other" ],
    "webContent" : "",
    "textContent" : "",
    "segmentOrder" : 12
  }, {
    "segmentUUID" : "c0e9a812-0eb5-4982-9b29-ea342468732c",
    "category" : "number",
    "title" : "Hemoglobin Status",
    "mandatory" : null,
    "uiType" : null,
    "uiOptions" : [ "g/dL" ],
    "webContent" : "",
    "textContent" : "",
    "segmentOrder" : 13
  }, {
    "segmentUUID" : "a4f51cc0-6c50-428f-95a5-586760bd619a",
    "category" : "text",
    "title" : "Ultrasound Summary",
    "mandatory" : null,
    "uiType" : null,
    "uiOptions" : null,
    "webContent" : "",
    "textContent" : "",
    "segmentOrder" : 14
  }, {
    "segmentUUID" : "2c0071d2-a114-4578-80ab-5a8b5373f855",
    "category" : "checkbox+text",
    "title" : "Risk Factors Identified",
    "mandatory" : null,
    "uiType" : null,
    "uiOptions" : [ "Anemia", "Gestational diabetes", "Hypertension", "Previous LSCS", "Multiple pregnancy", "Rh negative", "Other" ],
    "webContent" : "",
    "textContent" : "",
    "segmentOrder" : 15
  }, {
    "segmentUUID" : "3f2c17c5-8f5f-4661-86f9-57a3428830e1",
    "category" : "table",
    "title" : "Current Antenatal Medications",
    "mandatory" : null,
    "uiType" : null,
    "uiOptions" : [ "Drug Name", "Dose", "Frequency", "Duration" ],
    "webContent" : "",
    "textContent" : "",
    "segmentOrder" : 16
  }, {
    "segmentUUID" : "d3b96019-508d-49c0-9804-c4006fa9aa1c",
    "category" : "text",
    "title" : "Nutritional Advice",
    "mandatory" : null,
    "uiType" : null,
    "uiOptions" : null,
    "webContent" : "",
    "textContent" : "",
    "segmentOrder" : 17
  }, {
    "segmentUUID" : "1c1e8dd8-80ca-46dc-aea8-d58de73625d8",
    "category" : "number+dropdown",
    "title" : "Follow-up Schedule",
    "mandatory" : null,
    "uiType" : null,
    "uiOptions" : [ "Days", "Weeks" ],
    "webContent" : "",
    "textContent" : "",
    "segmentOrder" : 18
  } ],
  "createdOn" : "2025-12-23",
  "createdBy" : "Nischal",
  "department" : "Gynecology",
  "approvalCategory" : null,
  "version" : 0
}