{
  "reporttemplateUUID" : "4ad8022b-e2ae-4a04-b5ef-9a6b37cff44e",
  "name" : "Procedure Informed Consent",
  "reportTemplateSegments" : [ {
    "segmentUUID" : "19e2918d-6ea2-4323-b200-89c0b11a6a0a",
    "category" : "text",
    "title" : "UHID",
    "mandatory" : null,
    "uiType" : null,
    "uiOptions" : null,
    "webContent" : "",
    "textContent" : "",
    "segmentOrder" : 1
  }, {
    "segmentUUID" : "df48bef6-de3e-4baa-957a-95b5178c7257",
    "category" : "text",
    "title" : "Procedure Name",
    "mandatory" : null,
    "uiType" : null,
    "uiOptions" : null,
    "webContent" : "",
    "textContent" : "",
    "segmentOrder" : 2
  }, {
    "segmentUUID" : "f6da0c0a-6e1a-42d5-847e-65eb363a02e7",
    "category" : "text",
    "title" : "Indication For Procedure",
    "mandatory" : null,
    "uiType" : null,
    "uiOptions" : null,
    "webContent" : "",
    "textContent" : "",
    "segmentOrder" : 3
  }, {
    "segmentUUID" : "32f63da9-8e33-4c47-8c5f-161dbe908686",
    "category" : "radio",
    "title" : "Nature Of Procedure Explained",
    "mandatory" : null,
    "uiType" : null,
    "uiOptions" : null,
    "webContent" : "",
    "textContent" : "",
    "segmentOrder" : 4
  }, {
    "segmentUUID" : "ce0e9eaa-5aec-4a8d-be9b-371a1cc50682",
    "category" : "radio",
    "title" : "Risks Explained",
    "mandatory" : null,
    "uiType" : null,
    "uiOptions" : null,
    "webContent" : "",
    "textContent" : "",
    "segmentOrder" : 5
  }, {
    "segmentUUID" : "0551c96e-ff95-45f6-9289-928e17b3970c",
    "category" : "radio",
    "title" : "Benefits Explained",
    "mandatory" : null,
    "uiType" : null,
    "uiOptions" : null,
    "webContent" : "",
    "textContent" : "",
    "segmentOrder" : 6
  }, {
    "segmentUUID" : "55aa8f30-3530-47e1-b736-2439e036596c",
    "category" : "radio",
    "title" : "Alternative Options Explained",
    "mandatory" : null,
    "uiType" : null,
    "uiOptions" : null,
    "webContent" : "",
    "textContent" : "",
    "segmentOrder" : 7
  }, {
    "segmentUUID" : "73bf3090-81f2-4bf9-847f-e1c4d857e661",
    "category" : "checkbox",
    "title" : "Patient Understanding Confirmation",
    "mandatory" : null,
    "uiType" : null,
    "uiOptions" : null,
    "webContent" : "",
    "textContent" : "",
    "segmentOrder" : 8
  }, {
    "segmentUUID" : "ee9ba888-3724-4b65-9be4-12db51c7964c",
    "category" : "signature",
    "title" : "Patient Signature",
    "mandatory" : null,
    "uiType" : null,
    "uiOptions" : null,
    "webContent" : "",
    "textContent" : "",
    "segmentOrder" : 9
  }, {
    "segmentUUID" : "cea09d94-7822-44ee-8397-3dfd2bf087a5",
    "category" : "signature",
    "title" : "Witness Signature",
    "mandatory" : null,
    "uiType" : null,
    "uiOptions" : null,
    "webContent" : "",
    "textContent" : "",
    "segmentOrder" : 10
  }, {
    "segmentUUID" : "296e7421-08f1-4c4c-a74f-1f0042eb9ef8",
    "category" : "signature",
    "title" : "Doctor Name And Signature",
    "mandatory" : null,
    "uiType" : null,
    "uiOptions" : null,
    "webContent" : "",
    "textContent" : "",
    "segmentOrder" : 11
  }, {
    "segmentUUID" : "03eceaff-243a-4434-ab07-723265e9e263",
    "category" : "datetime",
    "title" : "Date And Time",
    "mandatory" : null,
    "uiType" : null,
    "uiOptions" : null,
    "webContent" : "",
    "textContent" : "",
    "segmentOrder" : 12
  } ],
  "createdOn" : "2025-12-23",
  "createdBy" : "Nischal",
  "department" : "Gynecology",
  "approvalCategory" : null,
  "version" : 0
}