{
  "reporttemplateUUID" : "8e43947b-15e8-4636-bd42-99bd0f25f260",
  "name" : "High Risk Pregnancy Assessment",
  "reportTemplateSegments" : [ {
    "segmentUUID" : "3e1f4736-1f23-4a39-a614-f77059221a12",
    "category" : "text",
    "title" : "UHID",
    "mandatory" : null,
    "uiType" : null,
    "uiOptions" : null,
    "webContent" : "",
    "textContent" : "",
    "segmentOrder" : 1
  }, {
    "segmentUUID" : "ee176f02-1b71-4a6e-afcf-4d17b2bf4967",
    "category" : "date",
    "title" : "Assessment Date",
    "mandatory" : null,
    "uiType" : null,
    "uiOptions" : null,
    "webContent" : "",
    "textContent" : "",
    "segmentOrder" : 2
  }, {
    "segmentUUID" : "788d2553-0b61-4eea-a9c1-39fe1f9ac80d",
    "category" : "checkbox+text",
    "title" : "Identified Risk Factors",
    "mandatory" : null,
    "uiType" : null,
    "uiOptions" : [ "Advanced maternal age", "Teenage pregnancy", "Obesity", "Underweight", "Rh negative", "Multiple pregnancy", "Previous LSCS", "Other" ],
    "webContent" : "",
    "textContent" : "",
    "segmentOrder" : 3
  }, {
    "segmentUUID" : "62df9f16-376e-455b-9c1d-3cad75187616",
    "category" : "radio",
    "title" : "Hypertensive Disorder Status",
    "mandatory" : null,
    "uiType" : null,
    "uiOptions" : [ "None", "Gestational hypertension", "Preeclampsia", "Severe preeclampsia", "Eclampsia" ],
    "webContent" : "",
    "textContent" : "",
    "segmentOrder" : 4
  }, {
    "segmentUUID" : "9ed3f8d9-a720-439b-aaa0-5ab66c426b55",
    "category" : "radio",
    "title" : "Gestational Diabetes Status",
    "mandatory" : null,
    "uiType" : null,
    "uiOptions" : [ "Normal", "Impaired glucose tolerance", "GDM diet controlled", "GDM insulin controlled" ],
    "webContent" : "",
    "textContent" : "",
    "segmentOrder" : 5
  }, {
    "segmentUUID" : "7fea49ba-8426-4101-9ff8-d465b0aa6888",
    "category" : "radio",
    "title" : "Anemia Severity",
    "mandatory" : null,
    "uiType" : null,
    "uiOptions" : [ "Normal", "Mild", "Moderate", "Severe" ],
    "webContent" : "",
    "textContent" : "",
    "segmentOrder" : 6
  }, {
    "segmentUUID" : "9285b65a-2176-4532-99a3-e3584bb9278b",
    "category" : "radio",
    "title" : "Thyroid Disorder Status",
    "mandatory" : null,
    "uiType" : null,
    "uiOptions" : [ "Normal", "Hypothyroidism", "Hyperthyroidism", "On treatment" ],
    "webContent" : "",
    "textContent" : "",
    "segmentOrder" : 7
  }, {
    "segmentUUID" : "b71958c1-f6aa-4491-abc0-4bee81dd95f3",
    "category" : "checkbox+text",
    "title" : "Previous Obstetric Complications",
    "mandatory" : null,
    "uiType" : null,
    "uiOptions" : [ "Preeclampsia", "Postpartum hemorrhage", "Stillbirth", "Preterm delivery", "Congenital anomaly", "Other" ],
    "webContent" : "",
    "textContent" : "",
    "segmentOrder" : 8
  }, {
    "segmentUUID" : "2b63e31b-e141-482c-8a76-a7a08a2e1ea1",
    "category" : "checkbox+text",
    "title" : "Current Pregnancy Complications",
    "mandatory" : null,
    "uiType" : null,
    "uiOptions" : [ "IUGR", "Oligohydramnios", "Polyhydramnios", "Placenta previa", "Abruptio placentae", "Preterm labor", "Other" ],
    "webContent" : "",
    "textContent" : "",
    "segmentOrder" : 9
  }, {
    "segmentUUID" : "d20997a1-8ed6-4801-8125-60a7a049c9d9",
    "category" : "checkbox+text",
    "title" : "Fetal Risk Indicators",
    "mandatory" : null,
    "uiType" : null,
    "uiOptions" : [ "Reduced fetal movements", "Abnormal Doppler", "Abnormal CTG", "Congenital anomaly", "Malpresentation", "Other" ],
    "webContent" : "",
    "textContent" : "",
    "segmentOrder" : 10
  }, {
    "segmentUUID" : "13af0360-2b9c-4b52-b313-8cbc8dcde60f",
    "category" : "radio",
    "title" : "Maternal Risk Classification",
    "mandatory" : null,
    "uiType" : null,
    "uiOptions" : [ "Low risk", "Moderate risk", "High risk", "Very high risk" ],
    "webContent" : "",
    "textContent" : "",
    "segmentOrder" : 11
  }, {
    "segmentUUID" : "21b3985c-9f42-4153-b035-b398f79f4db1",
    "category" : "text",
    "title" : "Monitoring Plan",
    "mandatory" : null,
    "uiType" : null,
    "uiOptions" : null,
    "webContent" : "",
    "textContent" : "",
    "segmentOrder" : 12
  }, {
    "segmentUUID" : "0d663a10-0664-4c03-adef-6a5b0f9f6ecc",
    "category" : "radio+text",
    "title" : "Referral Recommendation",
    "mandatory" : null,
    "uiType" : null,
    "uiOptions" : [ "No referral required", "Refer to obstetric physician", "Refer to endocrinologist", "Refer to tertiary care center", "Other" ],
    "webContent" : "",
    "textContent" : "",
    "segmentOrder" : 13
  }, {
    "segmentUUID" : "24bee31d-538c-45c9-8ae7-751ccbc480e6",
    "category" : "radio+text",
    "title" : "Admission Advice",
    "mandatory" : null,
    "uiType" : null,
    "uiOptions" : [ "No admission required", "Planned admission", "Emergency admission", "Other" ],
    "webContent" : "",
    "textContent" : "",
    "segmentOrder" : 14
  } ],
  "createdOn" : "2025-12-23",
  "createdBy" : "Nischal",
  "department" : "Gynecology",
  "approvalCategory" : null,
  "version" : 0
}