{
  "reporttemplateUUID" : "79b1db1b-942c-4977-9d4c-5ee79daaa25a",
  "name" : "Gynecological Operative Record",
  "reportTemplateSegments" : [ {
    "segmentUUID" : "a13e5866-4ace-499d-9414-8ed015048533",
    "category" : "text",
    "title" : "UHID",
    "mandatory" : null,
    "uiType" : null,
    "uiOptions" : null,
    "webContent" : "",
    "textContent" : "",
    "segmentOrder" : 1
  }, {
    "segmentUUID" : "82a114e5-cae3-42e6-bd20-a0162c62bf86",
    "category" : "date",
    "title" : "Date Of Surgery",
    "mandatory" : null,
    "uiType" : null,
    "uiOptions" : null,
    "webContent" : "",
    "textContent" : "",
    "segmentOrder" : 2
  }, {
    "segmentUUID" : "fd25862e-b56a-4ca9-a598-346d668061af",
    "category" : "text",
    "title" : "Pre-Operative Diagnosis",
    "mandatory" : null,
    "uiType" : null,
    "uiOptions" : null,
    "webContent" : "",
    "textContent" : "",
    "segmentOrder" : 3
  }, {
    "segmentUUID" : "b1a05da1-4244-459c-a44a-cd971974c24b",
    "category" : "text",
    "title" : "Post-Operative Diagnosis",
    "mandatory" : null,
    "uiType" : null,
    "uiOptions" : null,
    "webContent" : "",
    "textContent" : "",
    "segmentOrder" : 4
  }, {
    "segmentUUID" : "5a554d43-ba55-4634-a493-b6d69ddb2e84",
    "category" : "text",
    "title" : "Procedure Performed",
    "mandatory" : null,
    "uiType" : null,
    "uiOptions" : null,
    "webContent" : "",
    "textContent" : "",
    "segmentOrder" : 5
  }, {
    "segmentUUID" : "0db95d5e-1d1e-48d0-8aca-cb810414ed23",
    "category" : "text",
    "title" : "Surgical Findings",
    "mandatory" : null,
    "uiType" : null,
    "uiOptions" : null,
    "webContent" : "",
    "textContent" : "",
    "segmentOrder" : 6
  }, {
    "segmentUUID" : "8e287a3f-af54-41dd-acee-70486ed8e181",
    "category" : "radio+text",
    "title" : "Intra-Operative Complications",
    "mandatory" : null,
    "uiType" : null,
    "uiOptions" : [ "None", "Bleeding", "Visceral injury", "Anesthetic complication", "Other" ],
    "webContent" : "",
    "textContent" : "",
    "segmentOrder" : 7
  }, {
    "segmentUUID" : "cc85a5cd-ad08-4f9e-b6ea-03ae4452ec94",
    "category" : "number+dropdown",
    "title" : "Estimated Blood Loss",
    "mandatory" : null,
    "uiType" : null,
    "uiOptions" : [ "ml" ],
    "webContent" : "",
    "textContent" : "",
    "segmentOrder" : 8
  }, {
    "segmentUUID" : "2088e6f7-f465-41e5-b140-21c1ea9e6268",
    "category" : "radio+table",
    "title" : "Specimen Sent For Analysis",
    "mandatory" : null,
    "uiType" : null,
    "uiOptions" : [ "Yes", "No" ],
    "webContent" : "",
    "textContent" : "",
    "segmentOrder" : 9
  }, {
    "segmentUUID" : "151c11e5-09ee-425f-8841-3e5e78e77321",
    "category" : "signature",
    "title" : "Surgeon Name And Signature",
    "mandatory" : null,
    "uiType" : null,
    "uiOptions" : null,
    "webContent" : "",
    "textContent" : "",
    "segmentOrder" : 10
  } ],
  "createdOn" : "2025-12-23",
  "createdBy" : "Nischal",
  "department" : "Gynecology",
  "approvalCategory" : null,
  "version" : 0
}