{
  "reporttemplateUUID" : "9381786c-87e7-4c15-a130-d0660a60348f",
  "name" : "Obstetric History and Pregnancy Outcome Record",
  "reportTemplateSegments" : [ {
    "segmentUUID" : "139aeff2-f482-43e6-853f-7b3abedd3274",
    "category" : "text",
    "title" : "UHID",
    "mandatory" : null,
    "uiType" : null,
    "uiOptions" : null,
    "webContent" : "",
    "textContent" : "",
    "segmentOrder" : 1
  }, {
    "segmentUUID" : "633a7025-d42a-4ba4-81e2-a77c70a73537",
    "category" : "date",
    "title" : "Date of Documentation",
    "mandatory" : null,
    "uiType" : null,
    "uiOptions" : null,
    "webContent" : "",
    "textContent" : "",
    "segmentOrder" : 2
  }, {
    "segmentUUID" : "796acaec-647b-4628-950b-ddce2679491f",
    "category" : "number",
    "title" : "Gravida",
    "mandatory" : null,
    "uiType" : null,
    "uiOptions" : null,
    "webContent" : "",
    "textContent" : "",
    "segmentOrder" : 3
  }, {
    "segmentUUID" : "00616a24-5345-4872-b4dc-96041acc4eee",
    "category" : "number",
    "title" : "Para",
    "mandatory" : null,
    "uiType" : null,
    "uiOptions" : null,
    "webContent" : "",
    "textContent" : "",
    "segmentOrder" : 4
  }, {
    "segmentUUID" : "92996627-765b-4677-a8b9-61f780f0a27e",
    "category" : "number",
    "title" : "Abortions",
    "mandatory" : null,
    "uiType" : null,
    "uiOptions" : null,
    "webContent" : "",
    "textContent" : "",
    "segmentOrder" : 5
  }, {
    "segmentUUID" : "7ae34754-ded2-4d01-b786-ef19b2571e59",
    "category" : "number",
    "title" : "Living Children",
    "mandatory" : null,
    "uiType" : null,
    "uiOptions" : null,
    "webContent" : "",
    "textContent" : "",
    "segmentOrder" : 6
  }, {
    "segmentUUID" : "295c825b-8029-4028-a777-6791e897dfc3",
    "category" : "table",
    "title" : "Year-Wise Pregnancy Details",
    "mandatory" : null,
    "uiType" : null,
    "uiOptions" : [ "Year", "Gestational age at delivery (weeks)", "Mode of delivery", "Pregnancy complications", "Neonatal outcome" ],
    "webContent" : "",
    "textContent" : "",
    "segmentOrder" : 7
  }, {
    "segmentUUID" : "7a30ceed-87ab-4df8-b8a8-e07d167b81fa",
    "category" : "number",
    "title" : "Gestational Age At Delivery",
    "mandatory" : null,
    "uiType" : null,
    "uiOptions" : null,
    "webContent" : "",
    "textContent" : "",
    "segmentOrder" : 8
  }, {
    "segmentUUID" : "8b67a51b-8bf1-4e41-ae6a-e802b205b429",
    "category" : "radio",
    "title" : "Mode Of Delivery",
    "mandatory" : null,
    "uiType" : null,
    "uiOptions" : [ "Normal vaginal delivery", "Assisted vaginal delivery", "Elective LSCS", "Emergency LSCS" ],
    "webContent" : "",
    "textContent" : "",
    "segmentOrder" : 9
  }, {
    "segmentUUID" : "526e2edd-1449-4943-9e90-e85b3f45b900",
    "category" : "checkbox+text",
    "title" : "Pregnancy Complications",
    "mandatory" : null,
    "uiType" : null,
    "uiOptions" : [ "Gestational diabetes", "Preeclampsia", "Eclampsia", "Antepartum hemorrhage", "Preterm labor", "PROM", "Other" ],
    "webContent" : "",
    "textContent" : "",
    "segmentOrder" : 10
  }, {
    "segmentUUID" : "fe520b87-6c58-49c1-b1dd-4d340ec2ca6b",
    "category" : "radio+text",
    "title" : "Neonatal Outcome",
    "mandatory" : null,
    "uiType" : null,
    "uiOptions" : [ "Live birth", "NICU admission", "Stillbirth", "Neonatal death", "Other" ],
    "webContent" : "",
    "textContent" : "",
    "segmentOrder" : 11
  }, {
    "segmentUUID" : "fa0778a7-4d20-4957-a468-a5536bcbf535",
    "category" : "yesno+number",
    "title" : "History Of Stillbirths",
    "mandatory" : null,
    "uiType" : null,
    "uiOptions" : null,
    "webContent" : "",
    "textContent" : "",
    "segmentOrder" : 12
  }, {
    "segmentUUID" : "3fdcb8c1-706e-448b-bc7b-b87a8d87bdb6",
    "category" : "yesno+number",
    "title" : "History Of Miscarriages",
    "mandatory" : null,
    "uiType" : null,
    "uiOptions" : null,
    "webContent" : "",
    "textContent" : "",
    "segmentOrder" : 13
  }, {
    "segmentUUID" : "fa38701b-4f1e-4884-84a6-ab7bc2b2326d",
    "category" : "checkbox+text",
    "title" : "Postpartum Complications",
    "mandatory" : null,
    "uiType" : null,
    "uiOptions" : [ "Postpartum hemorrhage", "Puerperal sepsis", "Wound infection", "Psychological complications", "Other" ],
    "webContent" : "",
    "textContent" : "",
    "segmentOrder" : 14
  }, {
    "segmentUUID" : "9b8c47d9-5b4d-42aa-81a5-7ce4c00111b4",
    "category" : "text",
    "title" : "Clinical Interpretation",
    "mandatory" : null,
    "uiType" : null,
    "uiOptions" : null,
    "webContent" : "",
    "textContent" : "",
    "segmentOrder" : 15
  }, {
    "segmentUUID" : "84c41600-8bad-426a-b452-07234acc9749",
    "category" : "radio",
    "title" : "Risk Categorization",
    "mandatory" : null,
    "uiType" : null,
    "uiOptions" : [ "Low risk", "Moderate risk", "High risk" ],
    "webContent" : "",
    "textContent" : "",
    "segmentOrder" : 16
  } ],
  "createdOn" : "2025-12-23",
  "createdBy" : "Nischal",
  "department" : "Gynecology",
  "approvalCategory" : null,
  "version" : 0
}