{
  "reporttemplateUUID" : "ff294e1f-162c-4b46-890d-72e83947866b",
  "name" : "Physiotherapy & Rehabilitation Referral Form",
  "reportTemplateSegments" : [ {
    "segmentUUID" : "03149691-28c5-4219-8c38-6ef249c2d31c",
    "category" : "text",
    "title" : "UHID",
    "webContent" : null,
    "textContent" : null,
    "segmentOrder" : 1
  }, {
    "segmentUUID" : "507ee574-9229-433e-86a5-5af993424bb4",
    "category" : "referral_date",
    "title" : "Referral Date",
    "webContent" : null,
    "textContent" : null,
    "segmentOrder" : 2
  }, {
    "segmentUUID" : "1e3e1de2-97f5-46f7-b0ac-499ea39703fd",
    "category" : "text",
    "title" : "Primary Orthopedic Diagnosis",
    "webContent" : null,
    "textContent" : null,
    "segmentOrder" : 3
  }, {
    "segmentUUID" : "441124c9-33b1-4b95-88f3-01339df4aab1",
    "category" : "text",
    "title" : "Affected Limb Joint",
    "webContent" : null,
    "textContent" : null,
    "segmentOrder" : 4
  }, {
    "segmentUUID" : "d1dc6037-370e-4f57-a7f3-5f68c1555094",
    "category" : "text",
    "title" : "Surgery Injury Details",
    "webContent" : null,
    "textContent" : null,
    "segmentOrder" : 5
  }, {
    "segmentUUID" : "2243a472-0f71-4679-98ea-fbefd94842da",
    "category" : "checkBox",
    "title" : "Weight Bearing Status",
    "webContent" : null, 
    "textContent" : null,
    "segmentOrder" : 6
  }, {
    "segmentUUID" : "adfb03b4-f863-4295-90d6-a5c5cdc651cb",
    "category" : "checkBox",
    "title" : "Range Of Motion Allowed",
    "webContent" : null,
    "textContent" : null,
    "segmentOrder" : 7
  }, {
    "segmentUUID" : "21a72914-d412-4de8-9716-547a62b3340d",
    "category" : "checkBox",
    "title" : "Pain Level",
    "webContent" : null,
    "textContent" : null,
    "segmentOrder" : 8
  }, {
    "segmentUUID" : "17678fca-ebb4-402f-839d-8c8a6abd4e41",
    "category" : "text",
    "title" : "Rehabilitation Goals",
    "webContent" : null,
    "textContent" : null,
    "segmentOrder" : 9
  }, {
    "segmentUUID" : "65a47e07-c192-4fc3-8931-1762939d0171",
    "category" : "text",
    "title" : "Special Instructions",
    "webContent" : null,
    "textContent" : null,
    "segmentOrder" : 10
  }, {
    "segmentUUID" : "ef273107-6197-470d-9bf9-29f27d9a4bc5",
    "category" : "text",
    "title" : "Duration Of Therapy",
    "webContent" : null,
    "textContent" : null,
    "segmentOrder" : 11
  }, {
    "segmentUUID" : "d2984477-83ca-4a76-a58d-8df0dc3400f5",
    "category" : "review_date",
    "title" : "Review Date",
    "webContent" : null,
    "textContent" : null,
    "segmentOrder" : 12
  }, {
    "segmentUUID" : "73c2c0cd-909d-46d7-b393-24becc6a4783",
    "category" : "text",
    "title" : "Referring Consultant",
    "webContent" : null,
    "textContent" : null,
    "segmentOrder" : 13
  }, {
    "segmentUUID" : "18e84f8c-13d3-4676-940a-d22e1493aa07",
    "category" : "text",
    "title" : "Consultant Signature",
    "webContent" : null,
    "textContent" : null,
    "segmentOrder" : 14
  } ],
  "createdOn" : "2025-12-23",
  "createdBy" : "Nischal",
  "department" : "Orthopedics",
  "version" : 0
}