{
  "reporttemplateUUID" : "62764005-97bc-4d69-95ae-8759900606b5",
  "name" : "Physiotherapy & Rehabilitation Referral Form",
  "reportTemplateSegments" : [ {
    "segmentUUID" : "af48f759-5c09-408a-bfad-e47f121551f4",
    "category" : "text",
    "title" : "UHID",
    "mandatory" : null,
    "uiType" : null,
    "uiOptions" : null,
    "webContent" : "",
    "textContent" : "",
    "segmentOrder" : 1
  }, {
    "segmentUUID" : "f912c18a-2b9b-478e-8a52-efe63ad6bb1e",
    "category" : "text",
    "title" : "Referral Date",
    "mandatory" : null,
    "uiType" : null,
    "uiOptions" : null,
    "webContent" : "",
    "textContent" : "",
    "segmentOrder" : 2
  }, {
    "segmentUUID" : "17e42069-78b0-4d59-9627-96b08d965836",
    "category" : "text",
    "title" : "Primary Orthopedic Diagnosis",
    "mandatory" : null,
    "uiType" : null,
    "uiOptions" : null,
    "webContent" : "",
    "textContent" : "",
    "segmentOrder" : 3
  }, {
    "segmentUUID" : "9ff5fd20-b1e1-44f7-bfa1-66ae2dc16c30",
    "category" : "text",
    "title" : "Affected Limb Joint",
    "mandatory" : null,
    "uiType" : null,
    "uiOptions" : null,
    "webContent" : "",
    "textContent" : "",
    "segmentOrder" : 4
  }, {
    "segmentUUID" : "5d685977-0ba6-4597-9c74-100bccc13742",
    "category" : "text",
    "title" : "Surgery Injury Details",
    "mandatory" : null,
    "uiType" : null,
    "uiOptions" : null,
    "webContent" : "",
    "textContent" : "",
    "segmentOrder" : 5
  }, {
    "segmentUUID" : "a993084f-9aef-4375-94ad-e9eb19b9f09a",
    "category" : "checkbox",
    "title" : "Weight Bearing Status",
    "mandatory" : null,
    "uiType" : null,
    "uiOptions" : [ "NPF", "PWB", "FWB" ],
    "webContent" : "",
    "textContent" : "",
    "segmentOrder" : 6
  }, {
    "segmentUUID" : "da0cb54d-2e4c-4b00-b261-22a5fe7051f4",
    "category" : "checkbox",
    "title" : "Range Of Motion Allowed",
    "mandatory" : null,
    "uiType" : null,
    "uiOptions" : [ "Full", "Partial", "Restricted" ],
    "webContent" : "",
    "textContent" : "",
    "segmentOrder" : 7
  }, {
    "segmentUUID" : "4bfc0075-4a60-48a3-bf6a-7ce981231a02",
    "category" : "table",
    "title" : "Pain Level",
    "mandatory" : null,
    "uiType" : null,
    "uiOptions" : [ "No Pain(0)", "Mild pain(1-3)", "Moderate Pain(4-6)", "Severe Pain(7-10)" ],
    "webContent" : "",
    "textContent" : "",
    "segmentOrder" : 8
  }, {
    "segmentUUID" : "49d6d57f-09a5-4fa7-be29-b56d30f51065",
    "category" : "checkbox",
    "title" : "Rehabilitation Goals",
    "mandatory" : null,
    "uiType" : null,
    "uiOptions" : [ "Mobility", "Strength", "Pain Control" ],
    "webContent" : "",
    "textContent" : "",
    "segmentOrder" : 9
  }, {
    "segmentUUID" : "35a69641-4d4d-4c88-bc3a-8cd93d2d739e",
    "category" : "text",
    "title" : "Special Instructions",
    "mandatory" : null,
    "uiType" : null,
    "uiOptions" : null,
    "webContent" : "",
    "textContent" : "",
    "segmentOrder" : 10
  }, {
    "segmentUUID" : "869ff627-7393-46c9-8e0d-4ca00bd9c262",
    "category" : "text",
    "title" : "Duration Of Therapy",
    "mandatory" : null,
    "uiType" : null,
    "uiOptions" : null,
    "webContent" : "",
    "textContent" : "",
    "segmentOrder" : 11
  }, {
    "segmentUUID" : "0d232157-2c99-4f5e-8ca6-686908619291",
    "category" : "text",
    "title" : "Review Date",
    "mandatory" : null,
    "uiType" : null,
    "uiOptions" : null,
    "webContent" : "",
    "textContent" : "",
    "segmentOrder" : 12
  }, {
    "segmentUUID" : "2b13361f-6d23-45a4-92c0-61f673ff4fea",
    "category" : "text",
    "title" : "Referring Consultant",
    "mandatory" : null,
    "uiType" : null,
    "uiOptions" : null,
    "webContent" : "",
    "textContent" : "",
    "segmentOrder" : 13
  }, {
    "segmentUUID" : "7440718c-20f6-4e23-adbb-a46c0f7a8ba9",
    "category" : "text",
    "title" : "Consultant Signature",
    "mandatory" : null,
    "uiType" : null,
    "uiOptions" : null,
    "webContent" : "",
    "textContent" : "",
    "segmentOrder" : 14
  } ],
  "createdOn" : "2025-12-23",
  "createdBy" : "Nischal",
  "department" : "Orthopedics",
  "approvalCategory" : null,
  "version" : 0
}