{
  "reporttemplateUUID": "8e2f7f9b-4c5f-4eaa-b1d6-dc7b8a2f2e40",
  "name": "Discharge Summary",
  "reportTemplateSegments": [
    {
      "segmentUUID": "e31d9c7a-8e8a-4f4d-9a1e-6d8a6b4e6a7b",
      "category": "plainText",
      "title": "UHID No",
      "webContent": "",
      "segmentOrder": 4
    },
    {
      "segmentUUID": "b8e2c4f4-5e6a-4887-9438-77d99b2e3e5f",
      "category": "date_past",
      "title": "Admission Date",
      "webContent": "",
      "segmentOrder": 1
    },
    {
      "segmentUUID": "d7f1b9d4-3a4b-4f7a-b5e2-1c8a7e4d5c6f",
      "category": "date_past",
      "title": "Discharge Date",
      "webContent": "",
      "segmentOrder": 2
    },
    {
      "segmentUUID": "a2b6f8d4-9c7e-4e1a-b5f3-2d6a8e7c1b9f",
      "category": "date_past",
      "title": "Date of Operation",
      "webContent": "",
      "segmentOrder": 3
    },
     {
      "segmentUUID": "f8e2b3c4-6d7a-4e9f-b1c8-2a5e4d7b6c9f",
      "category": "plainText",
      "title": "Operating Surgeon",
      "webContent": "",
      "segmentOrder": 5
    },
     {
      "segmentUUID": "c7d9f1e3-2a6b-4e8d-b9c5-1f4e7a8b2d6c",
      "category": "plainText",
      "title": "Operated For",
      "webContent": "",
      "segmentOrder": 6
    },
    {
      "segmentUUID": "c4b3f2e1-1a6d-4e9f-9b7c-6d4e8a2f1b9c",
      "category": "text",
      "title": "Complain",
      "webContent": "",
      "segmentOrder": 7
    },
    {
      "segmentUUID": "a5e6c4d8-2f7b-4c1e-9a6d-5f8e2b4a3d7c",
      "category": "text",
      "title": "Diagnosis",
      "webContent": "",
      "segmentOrder": 8
    },
    {
      "segmentUUID": "b6f8a2e4-9c7d-4e1a-b5e3-2f8a6d7c1e9b",
      "category": "text",
      "title": "Indoor Detail",
      "webContent": "",
      "segmentOrder": 9
    },
    {
      "segmentUUID": "d8c4e2b1-5f7a-4e9b-8a6d-2b1c4f7e3d5a",
      "category": "text",
      "title": "Investigation",
      "webContent": "",
      "segmentOrder": 10
    },
    {
      "segmentUUID": "e7a6f4b2-3c9d-4e1b-a8f6-5d2c4b7e9a1f",
      "category": "text",
      "title": "Operative Details",
      "webContent": "",
      "segmentOrder": 11
    },
   
   
    
    {
      "segmentUUID": "b4c7e2a1-6d8f-4e9b-8a2d-1c6f3e7a5b9d",
      "category": "text",
      "title": "Operative Notes",
      "webContent": "",
      "segmentOrder": 12
    },
    {
      "segmentUUID": "d9a7e1c3-4b6d-4e8f-b2a1-5c7f6e2b9d4a",
      "category": "text",
      "title": "Cond of Disc",
      "webContent": "",
      "segmentOrder": 13
    },
    {
      "segmentUUID": "e1b6f3d9-7c2a-4e9b-8f1c-5d7a6b4e2c8f",
      "category": "text",
      "title": "Advice for Discharge",
      "webContent": "",
      "segmentOrder": 14
    },
    {
      "segmentUUID": "f2a8c6d4-9b7e-4e1a-b5f3-2d6a8e7c1b9f",
      "category": "text",
      "title": "Follwup",
      "webContent": "",
      "segmentOrder": 15
    },
    {
      "segmentUUID": "c1d8e2a3-6f7b-4e9b-8a6d-2b1c4f7e3d5a",
      "category": "text",
      "title": "Prescribed Medicine",
      "webContent": "",
      "segmentOrder": 16
    }
  ],
  "createdOn": "2025-09-10",
  "createdBy": "admin",
  "department": "Orthopedics",
  "version": 1
}
